content_url,view_count,content_type,content_id,media_url
https://giphy.com/gifs/u7bGJ5TxbWhwyXirbQ,70183311,GIF,u7bGJ5TxbWhwyXirbQ,https://media.giphy.com/media/u7bGJ5TxbWhwyXirbQ/giphy.gif
https://giphy.com/stickers/rCD86tTJs8YMexVd1I,4120735,STICKER,rCD86tTJs8YMexVd1I,https://media.giphy.com/media/rCD86tTJs8YMexVd1I/giphy.gif
https://giphy.com/gifs/Q8COxfEcyDdwJQIBan,3587234,GIF,Q8COxfEcyDdwJQIBan,https://media.giphy.com/media/Q8COxfEcyDdwJQIBan/giphy.gif
https://giphy.com/gifs/SjeRP2msFHZOoy80TB,2512821,GIF,SjeRP2msFHZOoy80TB,https://media.giphy.com/media/SjeRP2msFHZOoy80TB/giphy.gif
https://giphy.com/gifs/dZ8FvMBje9JSoo04Hm,975681,GIF,dZ8FvMBje9JSoo04Hm,https://media.giphy.com/media/dZ8FvMBje9JSoo04Hm/giphy.gif
https://giphy.com/gifs/cBYdwE7NzBHEjV9Y0F,767562,GIF,cBYdwE7NzBHEjV9Y0F,https://media.giphy.com/media/cBYdwE7NzBHEjV9Y0F/giphy.gif
https://giphy.com/stickers/QlXk4lOro5qYlrfkj9,564934,STICKER,QlXk4lOro5qYlrfkj9,https://media.giphy.com/media/QlXk4lOro5qYlrfkj9/giphy.gif
https://giphy.com/gifs/XBOu8qW6MTrynXyRB0,515848,GIF,XBOu8qW6MTrynXyRB0,https://media.giphy.com/media/XBOu8qW6MTrynXyRB0/giphy.gif
https://giphy.com/gifs/hy9L8KcJp4Td6sXKt3,496081,GIF,hy9L8KcJp4Td6sXKt3,https://media.giphy.com/media/hy9L8KcJp4Td6sXKt3/giphy.gif
https://giphy.com/stickers/xXRbf0NX6HyUYIb0hp,368683,STICKER,xXRbf0NX6HyUYIb0hp,https://media.giphy.com/media/xXRbf0NX6HyUYIb0hp/giphy.gif
https://giphy.com/gifs/FlJjH3mfH7jQ9IVZYs,366118,GIF,FlJjH3mfH7jQ9IVZYs,https://media.giphy.com/media/FlJjH3mfH7jQ9IVZYs/giphy.gif
https://giphy.com/gifs/YEtg0QRt151SyrMCOT,360187,GIF,YEtg0QRt151SyrMCOT,https://media.giphy.com/media/YEtg0QRt151SyrMCOT/giphy.gif
https://giphy.com/gifs/HHHxn6nCSPX0Xbbdyh,238593,GIF,HHHxn6nCSPX0Xbbdyh,https://media.giphy.com/media/HHHxn6nCSPX0Xbbdyh/giphy.gif
https://giphy.com/gifs/HjXL6UWVSv3gss4lDa,203426,GIF,HjXL6UWVSv3gss4lDa,https://media.giphy.com/media/HjXL6UWVSv3gss4lDa/giphy.gif
https://giphy.com/gifs/v6FjdWtFr1R2w3jn73,163102,GIF,v6FjdWtFr1R2w3jn73,https://media.giphy.com/media/v6FjdWtFr1R2w3jn73/giphy.gif
https://giphy.com/gifs/dRzwl2yX5HCHmE3IcY,159785,GIF,dRzwl2yX5HCHmE3IcY,https://media.giphy.com/media/dRzwl2yX5HCHmE3IcY/giphy.gif
https://giphy.com/gifs/YmsVr4ZMS2m8H222k0,153287,GIF,YmsVr4ZMS2m8H222k0,https://media.giphy.com/media/YmsVr4ZMS2m8H222k0/giphy.gif
https://giphy.com/gifs/iUr3kz0S7Aeb5jY8h5,150930,GIF,iUr3kz0S7Aeb5jY8h5,https://media.giphy.com/media/iUr3kz0S7Aeb5jY8h5/giphy.gif
https://giphy.com/gifs/2uU6eZ654WgCRHDzbG,123710,GIF,2uU6eZ654WgCRHDzbG,https://media.giphy.com/media/2uU6eZ654WgCRHDzbG/giphy.gif
https://giphy.com/gifs/wJ1mJEHNs49sV8YLqm,112214,GIF,wJ1mJEHNs49sV8YLqm,https://media.giphy.com/media/wJ1mJEHNs49sV8YLqm/giphy.gif
https://giphy.com/stickers/uKtJtMzmeZXypmenh1,109294,STICKER,uKtJtMzmeZXypmenh1,https://media.giphy.com/media/uKtJtMzmeZXypmenh1/giphy.gif
https://giphy.com/gifs/mz98NbQJJoAudPd8ol,98202,GIF,mz98NbQJJoAudPd8ol,https://media.giphy.com/media/mz98NbQJJoAudPd8ol/giphy.gif
https://giphy.com/gifs/e2OQDp2vQLhBUAr5Tv,97897,GIF,e2OQDp2vQLhBUAr5Tv,https://media.giphy.com/media/e2OQDp2vQLhBUAr5Tv/giphy.gif
https://giphy.com/gifs/yCJWvzNLdWPEfYLksJ,92366,GIF,yCJWvzNLdWPEfYLksJ,https://media.giphy.com/media/yCJWvzNLdWPEfYLksJ/giphy.gif
https://giphy.com/gifs/vpV7mbQtWPpZdgMvNL,90969,GIF,vpV7mbQtWPpZdgMvNL,https://media.giphy.com/media/vpV7mbQtWPpZdgMvNL/giphy.gif
https://giphy.com/gifs/dYhRYGaSUF5YvRekR0,84425,GIF,dYhRYGaSUF5YvRekR0,https://media.giphy.com/media/dYhRYGaSUF5YvRekR0/giphy.gif
https://giphy.com/gifs/qmPz8oQXmE8ofEnaqt,81245,GIF,qmPz8oQXmE8ofEnaqt,https://media.giphy.com/media/qmPz8oQXmE8ofEnaqt/giphy.gif
https://giphy.com/gifs/6WNd8ANammDdpqkZT1,78526,GIF,6WNd8ANammDdpqkZT1,https://media.giphy.com/media/6WNd8ANammDdpqkZT1/giphy.gif
https://giphy.com/gifs/14Jlb6OHiC9qE4Ld8g,78126,GIF,14Jlb6OHiC9qE4Ld8g,https://media.giphy.com/media/14Jlb6OHiC9qE4Ld8g/giphy.gif
https://giphy.com/gifs/9zM5jWyAqab7DBn6gb,78048,GIF,9zM5jWyAqab7DBn6gb,https://media.giphy.com/media/9zM5jWyAqab7DBn6gb/giphy.gif
https://giphy.com/gifs/dayz1C8sMdYSBUOb5A,75512,GIF,dayz1C8sMdYSBUOb5A,https://media.giphy.com/media/dayz1C8sMdYSBUOb5A/giphy.gif
https://giphy.com/gifs/HODIG62awC76Zqqcf1,71390,GIF,HODIG62awC76Zqqcf1,https://media.giphy.com/media/HODIG62awC76Zqqcf1/giphy.gif
https://giphy.com/gifs/NWwOP0WLjcIklbX3Y7,67860,GIF,NWwOP0WLjcIklbX3Y7,https://media.giphy.com/media/NWwOP0WLjcIklbX3Y7/giphy.gif
https://giphy.com/gifs/HvLaEXSRTVnthi5Ign,62842,GIF,HvLaEXSRTVnthi5Ign,https://media.giphy.com/media/HvLaEXSRTVnthi5Ign/giphy.gif
https://giphy.com/stickers/7TwbCHcqGjMkdqIf73,59979,STICKER,7TwbCHcqGjMkdqIf73,https://media.giphy.com/media/7TwbCHcqGjMkdqIf73/giphy.gif
https://giphy.com/gifs/PpLCRzvmdtMIymI42u,56914,GIF,PpLCRzvmdtMIymI42u,https://media.giphy.com/media/PpLCRzvmdtMIymI42u/giphy.gif
https://giphy.com/gifs/n6JqbsxPxEca5HITNg,52473,GIF,n6JqbsxPxEca5HITNg,https://media.giphy.com/media/n6JqbsxPxEca5HITNg/giphy.gif
https://giphy.com/gifs/LT0deV0FTrZcgWzUuK,52163,GIF,LT0deV0FTrZcgWzUuK,https://media.giphy.com/media/LT0deV0FTrZcgWzUuK/giphy.gif
https://giphy.com/gifs/EMLaeLd7gfkpjXSFln,45131,GIF,EMLaeLd7gfkpjXSFln,https://media.giphy.com/media/EMLaeLd7gfkpjXSFln/giphy.gif
https://giphy.com/gifs/6HR9Vmuq0iLJRedFDT,44049,GIF,6HR9Vmuq0iLJRedFDT,https://media.giphy.com/media/6HR9Vmuq0iLJRedFDT/giphy.gif
https://giphy.com/gifs/EKnePp5K6s12gmgaHv,43362,GIF,EKnePp5K6s12gmgaHv,https://media.giphy.com/media/EKnePp5K6s12gmgaHv/giphy.gif
https://giphy.com/gifs/bRQj0zKvFM2EQD6gML,42544,GIF,bRQj0zKvFM2EQD6gML,https://media.giphy.com/media/bRQj0zKvFM2EQD6gML/giphy.gif
https://giphy.com/gifs/cov9TXPZUpVxwc2eMk,42362,GIF,cov9TXPZUpVxwc2eMk,https://media.giphy.com/media/cov9TXPZUpVxwc2eMk/giphy.gif
https://giphy.com/gifs/RxRCesXEIr58X9WfMj,41575,GIF,RxRCesXEIr58X9WfMj,https://media.giphy.com/media/RxRCesXEIr58X9WfMj/giphy.gif
https://giphy.com/gifs/geEATIQIS3yPScRpWJ,40069,GIF,geEATIQIS3yPScRpWJ,https://media.giphy.com/media/geEATIQIS3yPScRpWJ/giphy.gif
https://giphy.com/gifs/kOs9V0zNMBcy0oyfHA,36208,GIF,kOs9V0zNMBcy0oyfHA,https://media.giphy.com/media/kOs9V0zNMBcy0oyfHA/giphy.gif
https://giphy.com/gifs/AZJojW11Dp4jydyWs5,34983,GIF,AZJojW11Dp4jydyWs5,https://media.giphy.com/media/AZJojW11Dp4jydyWs5/giphy.gif
https://giphy.com/gifs/WBaAzipPYH7HvoyGHm,33169,GIF,WBaAzipPYH7HvoyGHm,https://media.giphy.com/media/WBaAzipPYH7HvoyGHm/giphy.gif
https://giphy.com/gifs/RAniCTYocxAKSI0cNJ,32912,GIF,RAniCTYocxAKSI0cNJ,https://media.giphy.com/media/RAniCTYocxAKSI0cNJ/giphy.gif
https://giphy.com/gifs/hCrIsQh8lMKmeHNmd9,30984,GIF,hCrIsQh8lMKmeHNmd9,https://media.giphy.com/media/hCrIsQh8lMKmeHNmd9/giphy.gif
https://giphy.com/stickers/7I8eVi8YMrmWhPH2qT,29093,STICKER,7I8eVi8YMrmWhPH2qT,https://media.giphy.com/media/7I8eVi8YMrmWhPH2qT/giphy.gif
https://giphy.com/gifs/C8i4DFDy9uQ1Y0KDok,29023,GIF,C8i4DFDy9uQ1Y0KDok,https://media.giphy.com/media/C8i4DFDy9uQ1Y0KDok/giphy.gif
https://giphy.com/gifs/orCocAOpZgk0A0JbCk,27240,GIF,orCocAOpZgk0A0JbCk,https://media.giphy.com/media/orCocAOpZgk0A0JbCk/giphy.gif
https://giphy.com/stickers/uqktuRn6lkO6Q70Atc,22902,STICKER,uqktuRn6lkO6Q70Atc,https://media.giphy.com/media/uqktuRn6lkO6Q70Atc/giphy.gif
https://giphy.com/gifs/TivJ7D5P2OXJxGqhmD,22555,GIF,TivJ7D5P2OXJxGqhmD,https://media.giphy.com/media/TivJ7D5P2OXJxGqhmD/giphy.gif
https://giphy.com/gifs/2fLY1HXXHa062Tmuv0,22233,GIF,2fLY1HXXHa062Tmuv0,https://media.giphy.com/media/2fLY1HXXHa062Tmuv0/giphy.gif
https://giphy.com/gifs/Fw8aBBrk3HWut8DDhE,20826,GIF,Fw8aBBrk3HWut8DDhE,https://media.giphy.com/media/Fw8aBBrk3HWut8DDhE/giphy.gif
https://giphy.com/gifs/lc7WdGwXpZDTWB66T9,20819,GIF,lc7WdGwXpZDTWB66T9,https://media.giphy.com/media/lc7WdGwXpZDTWB66T9/giphy.gif
https://giphy.com/gifs/VsZOeWtFreXAMbWBil,20716,GIF,VsZOeWtFreXAMbWBil,https://media.giphy.com/media/VsZOeWtFreXAMbWBil/giphy.gif
https://giphy.com/gifs/Fm4fz84fqFeq7wAiOn,19339,GIF,Fm4fz84fqFeq7wAiOn,https://media.giphy.com/media/Fm4fz84fqFeq7wAiOn/giphy.gif
https://giphy.com/stickers/yIHyFhPcnzx8owe1C1,19280,STICKER,yIHyFhPcnzx8owe1C1,https://media.giphy.com/media/yIHyFhPcnzx8owe1C1/giphy.gif
https://giphy.com/gifs/CoysGnlCGA5ogJs6B1,18183,GIF,CoysGnlCGA5ogJs6B1,https://media.giphy.com/media/CoysGnlCGA5ogJs6B1/giphy.gif
https://giphy.com/gifs/BPccvBgfOk2LT3JvQr,17474,GIF,BPccvBgfOk2LT3JvQr,https://media.giphy.com/media/BPccvBgfOk2LT3JvQr/giphy.gif
https://giphy.com/gifs/9wc4fel6qjibV2sSFS,17087,GIF,9wc4fel6qjibV2sSFS,https://media.giphy.com/media/9wc4fel6qjibV2sSFS/giphy.gif
https://giphy.com/stickers/GTqjez9CfIVI1pkgW0,16539,STICKER,GTqjez9CfIVI1pkgW0,https://media.giphy.com/media/GTqjez9CfIVI1pkgW0/giphy.gif
https://giphy.com/gifs/ZA2nrcRa09W3idYZzE,15462,GIF,ZA2nrcRa09W3idYZzE,https://media.giphy.com/media/ZA2nrcRa09W3idYZzE/giphy.gif
https://giphy.com/gifs/8L88EsQKtQDVOBH7ko,14959,GIF,8L88EsQKtQDVOBH7ko,https://media.giphy.com/media/8L88EsQKtQDVOBH7ko/giphy.gif
https://giphy.com/stickers/racBn9KSSnTrRC56XC,14931,STICKER,racBn9KSSnTrRC56XC,https://media.giphy.com/media/racBn9KSSnTrRC56XC/giphy.gif
https://giphy.com/gifs/WLs5pBYbVN71tlATCN,13800,GIF,WLs5pBYbVN71tlATCN,https://media.giphy.com/media/WLs5pBYbVN71tlATCN/giphy.gif
https://giphy.com/stickers/GSSDl9vmjtZZwuzOYK,13769,STICKER,GSSDl9vmjtZZwuzOYK,https://media.giphy.com/media/GSSDl9vmjtZZwuzOYK/giphy.gif
https://giphy.com/gifs/cRo6px7NkpASV5OkUl,13610,GIF,cRo6px7NkpASV5OkUl,https://media.giphy.com/media/cRo6px7NkpASV5OkUl/giphy.gif
https://giphy.com/gifs/KErKR3OMEPlc1pm5Wx,13174,GIF,KErKR3OMEPlc1pm5Wx,https://media.giphy.com/media/KErKR3OMEPlc1pm5Wx/giphy.gif
https://giphy.com/gifs/V4ILacxv2gM21Yx6aL,12798,GIF,V4ILacxv2gM21Yx6aL,https://media.giphy.com/media/V4ILacxv2gM21Yx6aL/giphy.gif
https://giphy.com/stickers/kbtrVUgM7FVZUpqdDy,12067,STICKER,kbtrVUgM7FVZUpqdDy,https://media.giphy.com/media/kbtrVUgM7FVZUpqdDy/giphy.gif
https://giphy.com/gifs/kJ63lD09BSnRwQKtEh,10765,GIF,kJ63lD09BSnRwQKtEh,https://media.giphy.com/media/kJ63lD09BSnRwQKtEh/giphy.gif
https://giphy.com/stickers/03yjht43CpxAsuImMF,10487,STICKER,03yjht43CpxAsuImMF,https://media.giphy.com/media/03yjht43CpxAsuImMF/giphy.gif
https://giphy.com/gifs/4325iiXuoeX4FEPDR1,10425,GIF,4325iiXuoeX4FEPDR1,https://media.giphy.com/media/4325iiXuoeX4FEPDR1/giphy.gif
https://giphy.com/gifs/LEPMpozdGreN8zxTtH,9704,GIF,LEPMpozdGreN8zxTtH,https://media.giphy.com/media/LEPMpozdGreN8zxTtH/giphy.gif
https://giphy.com/stickers/9T4MdpJq2W3Iilnn9D,9677,STICKER,9T4MdpJq2W3Iilnn9D,https://media.giphy.com/media/9T4MdpJq2W3Iilnn9D/giphy.gif
https://giphy.com/stickers/i4DXnqFSE5sOsKtSFl,9238,STICKER,i4DXnqFSE5sOsKtSFl,https://media.giphy.com/media/i4DXnqFSE5sOsKtSFl/giphy.gif
https://giphy.com/gifs/GAQtzOUnkGaW1m6ihi,8471,GIF,GAQtzOUnkGaW1m6ihi,https://media.giphy.com/media/GAQtzOUnkGaW1m6ihi/giphy.gif
https://giphy.com/gifs/qlGv09GpkoENEBJiFg,8304,GIF,qlGv09GpkoENEBJiFg,https://media.giphy.com/media/qlGv09GpkoENEBJiFg/giphy.gif
https://giphy.com/gifs/JspsB7AcLw5WW9n1yW,7775,GIF,JspsB7AcLw5WW9n1yW,https://media.giphy.com/media/JspsB7AcLw5WW9n1yW/giphy.gif
https://giphy.com/gifs/uvmI6N3JghBg4LgQYi,7767,GIF,uvmI6N3JghBg4LgQYi,https://media.giphy.com/media/uvmI6N3JghBg4LgQYi/giphy.gif
https://giphy.com/gifs/UK65UZ6ozF7An6I94m,7757,GIF,UK65UZ6ozF7An6I94m,https://media.giphy.com/media/UK65UZ6ozF7An6I94m/giphy.gif
https://giphy.com/gifs/W89gyxKtctYfvwlaWn,7591,GIF,W89gyxKtctYfvwlaWn,https://media.giphy.com/media/W89gyxKtctYfvwlaWn/giphy.gif
https://giphy.com/gifs/tK8TQD6DIyUNrGaQoq,6552,GIF,tK8TQD6DIyUNrGaQoq,https://media.giphy.com/media/tK8TQD6DIyUNrGaQoq/giphy.gif
https://giphy.com/gifs/vejznecBYzkiHfJTTG,6509,GIF,vejznecBYzkiHfJTTG,https://media.giphy.com/media/vejznecBYzkiHfJTTG/giphy.gif
https://giphy.com/gifs/PeeHZBFS9KNBWWPijJ,6450,GIF,PeeHZBFS9KNBWWPijJ,https://media.giphy.com/media/PeeHZBFS9KNBWWPijJ/giphy.gif
https://giphy.com/gifs/PunLNkG6Zk7GPGNtmO,6408,GIF,PunLNkG6Zk7GPGNtmO,https://media.giphy.com/media/PunLNkG6Zk7GPGNtmO/giphy.gif
https://giphy.com/gifs/Hlv2Fr8ieToXjbyO7q,5851,GIF,Hlv2Fr8ieToXjbyO7q,https://media.giphy.com/media/Hlv2Fr8ieToXjbyO7q/giphy.gif
https://giphy.com/gifs/2PlHGmH482VIK8GM0D,5698,GIF,2PlHGmH482VIK8GM0D,https://media.giphy.com/media/2PlHGmH482VIK8GM0D/giphy.gif
https://giphy.com/gifs/Ozc9kOF1IdbY0UsUk5,4621,GIF,Ozc9kOF1IdbY0UsUk5,https://media.giphy.com/media/Ozc9kOF1IdbY0UsUk5/giphy.gif
https://giphy.com/stickers/4RsNR3H3bgAa3VUc2P,4429,STICKER,4RsNR3H3bgAa3VUc2P,https://media.giphy.com/media/4RsNR3H3bgAa3VUc2P/giphy.gif
https://giphy.com/gifs/Pe2J6ebEIh90Hk7U5w,3937,GIF,Pe2J6ebEIh90Hk7U5w,https://media.giphy.com/media/Pe2J6ebEIh90Hk7U5w/giphy.gif
https://giphy.com/gifs/GMIVby0ntOb9OqCmwl,3732,GIF,GMIVby0ntOb9OqCmwl,https://media.giphy.com/media/GMIVby0ntOb9OqCmwl/giphy.gif
https://giphy.com/gifs/GCTmXtTPduFuZr8onz,3723,GIF,GCTmXtTPduFuZr8onz,https://media.giphy.com/media/GCTmXtTPduFuZr8onz/giphy.gif
https://giphy.com/gifs/9WJd9GmXlo7W5b2CnY,3448,GIF,9WJd9GmXlo7W5b2CnY,https://media.giphy.com/media/9WJd9GmXlo7W5b2CnY/giphy.gif
https://giphy.com/gifs/0pTMWPJnPj0wiOtViU,2670,GIF,0pTMWPJnPj0wiOtViU,https://media.giphy.com/media/0pTMWPJnPj0wiOtViU/giphy.gif
https://giphy.com/gifs/0larHVbOlpYllLajCz,474,GIF,0larHVbOlpYllLajCz,https://media.giphy.com/media/0larHVbOlpYllLajCz/giphy.gif
https://giphy.com/gifs/ROGiMMNLKjlK63X5jl,407890178,GIF,ROGiMMNLKjlK63X5jl,https://media.giphy.com/media/ROGiMMNLKjlK63X5jl/giphy.gif
https://giphy.com/stickers/5d6vU79xjnIkV0oIvZ,262047716,STICKER,5d6vU79xjnIkV0oIvZ,https://media.giphy.com/media/5d6vU79xjnIkV0oIvZ/giphy.gif
https://giphy.com/gifs/8Lzf7W2vpaOilbHn0P,174569736,GIF,8Lzf7W2vpaOilbHn0P,https://media.giphy.com/media/8Lzf7W2vpaOilbHn0P/giphy.gif
https://giphy.com/gifs/HUudpkFqIuF6nrLFe2,152508492,GIF,HUudpkFqIuF6nrLFe2,https://media.giphy.com/media/HUudpkFqIuF6nrLFe2/giphy.gif
https://giphy.com/stickers/WRATtgAfMaZwGdvzBd,150543258,STICKER,WRATtgAfMaZwGdvzBd,https://media.giphy.com/media/WRATtgAfMaZwGdvzBd/giphy.gif
https://giphy.com/gifs/9sNYLd3swFVcD8HACS,118534718,GIF,9sNYLd3swFVcD8HACS,https://media.giphy.com/media/9sNYLd3swFVcD8HACS/giphy.gif
https://giphy.com/gifs/TZJOO4pPMA3NkPs6L5,109397034,GIF,TZJOO4pPMA3NkPs6L5,https://media.giphy.com/media/TZJOO4pPMA3NkPs6L5/giphy.gif
https://giphy.com/gifs/X7WrPCpMpqVEtUZm7o,85796379,GIF,X7WrPCpMpqVEtUZm7o,https://media.giphy.com/media/X7WrPCpMpqVEtUZm7o/giphy.gif
https://giphy.com/stickers/UG6EBsSqkFGrgkdcnh,56323508,STICKER,UG6EBsSqkFGrgkdcnh,https://media.giphy.com/media/UG6EBsSqkFGrgkdcnh/giphy.gif
https://giphy.com/stickers/TAN68YqWQUTWgHDUPC,53689021,STICKER,TAN68YqWQUTWgHDUPC,https://media.giphy.com/media/TAN68YqWQUTWgHDUPC/giphy.gif
https://giphy.com/gifs/FhmIxALKS6tOmtQJaO,17910592,GIF,FhmIxALKS6tOmtQJaO,https://media.giphy.com/media/FhmIxALKS6tOmtQJaO/giphy.gif
https://giphy.com/gifs/LklWhYBYZihZOa6pVC,13420633,GIF,LklWhYBYZihZOa6pVC,https://media.giphy.com/media/LklWhYBYZihZOa6pVC/giphy.gif
https://giphy.com/gifs/PfTckU1flNVVehfnGI,7563296,GIF,PfTckU1flNVVehfnGI,https://media.giphy.com/media/PfTckU1flNVVehfnGI/giphy.gif
https://giphy.com/gifs/Z92yFqpdiMB2xq0Jby,6138639,GIF,Z92yFqpdiMB2xq0Jby,https://media.giphy.com/media/Z92yFqpdiMB2xq0Jby/giphy.gif
https://giphy.com/gifs/E7D90DiReRHZJAd3bS,5617628,GIF,E7D90DiReRHZJAd3bS,https://media.giphy.com/media/E7D90DiReRHZJAd3bS/giphy.gif
https://giphy.com/gifs/2USRydQLn2t1nvZll0,4432594,GIF,2USRydQLn2t1nvZll0,https://media.giphy.com/media/2USRydQLn2t1nvZll0/giphy.gif
https://giphy.com/gifs/eYJQMFuKDP8R3jpDRR,4322808,GIF,eYJQMFuKDP8R3jpDRR,https://media.giphy.com/media/eYJQMFuKDP8R3jpDRR/giphy.gif
https://giphy.com/gifs/RrsGrcvyxHdoGVi72N,3993558,GIF,RrsGrcvyxHdoGVi72N,https://media.giphy.com/media/RrsGrcvyxHdoGVi72N/giphy.gif
https://giphy.com/stickers/ZVPMzzTYJYH93dXnjJ,2012156,STICKER,ZVPMzzTYJYH93dXnjJ,https://media.giphy.com/media/ZVPMzzTYJYH93dXnjJ/giphy.gif
https://giphy.com/gifs/r2OR72LVQxCtHz88dD,1816039,GIF,r2OR72LVQxCtHz88dD,https://media.giphy.com/media/r2OR72LVQxCtHz88dD/giphy.gif
https://giphy.com/stickers/enXgdPKCokxehewctt,1763375,STICKER,enXgdPKCokxehewctt,https://media.giphy.com/media/enXgdPKCokxehewctt/giphy.gif
https://giphy.com/gifs/SDUiharA58JhGCwDqP,1331523,GIF,SDUiharA58JhGCwDqP,https://media.giphy.com/media/SDUiharA58JhGCwDqP/giphy.gif
https://giphy.com/stickers/KSbRNu93jhNbf9O82s,1147979,STICKER,KSbRNu93jhNbf9O82s,https://media.giphy.com/media/KSbRNu93jhNbf9O82s/giphy.gif
https://giphy.com/gifs/NC0aGnFB3uLGHSYQ5l,1119633,GIF,NC0aGnFB3uLGHSYQ5l,https://media.giphy.com/media/NC0aGnFB3uLGHSYQ5l/giphy.gif
https://giphy.com/stickers/fzopTIdWww39u1E2o9,1042654,STICKER,fzopTIdWww39u1E2o9,https://media.giphy.com/media/fzopTIdWww39u1E2o9/giphy.gif
https://giphy.com/stickers/GtpJ2IHqXIDWQMpuJC,1036614,STICKER,GtpJ2IHqXIDWQMpuJC,https://media.giphy.com/media/GtpJ2IHqXIDWQMpuJC/giphy.gif
https://giphy.com/gifs/RNXhfrRRd6coZiKn0x,997302,GIF,RNXhfrRRd6coZiKn0x,https://media.giphy.com/media/RNXhfrRRd6coZiKn0x/giphy.gif
https://giphy.com/gifs/JchmgIGStL5ZFwL4Eq,944490,GIF,JchmgIGStL5ZFwL4Eq,https://media.giphy.com/media/JchmgIGStL5ZFwL4Eq/giphy.gif
https://giphy.com/gifs/GIQLESe1h0yTXqKrxV,905349,GIF,GIQLESe1h0yTXqKrxV,https://media.giphy.com/media/GIQLESe1h0yTXqKrxV/giphy.gif
https://giphy.com/stickers/ARfJtEhX4RBzinTjIA,848692,STICKER,ARfJtEhX4RBzinTjIA,https://media.giphy.com/media/ARfJtEhX4RBzinTjIA/giphy.gif
https://giphy.com/stickers/gaTthkdvWubUMHrqwl,667347,STICKER,gaTthkdvWubUMHrqwl,https://media.giphy.com/media/gaTthkdvWubUMHrqwl/giphy.gif
https://giphy.com/stickers/m94E1GcmWQUMNLwRip,644001,STICKER,m94E1GcmWQUMNLwRip,https://media.giphy.com/media/m94E1GcmWQUMNLwRip/giphy.gif
https://giphy.com/gifs/tHnCS7LdSTzy5lJv7t,606005,GIF,tHnCS7LdSTzy5lJv7t,https://media.giphy.com/media/tHnCS7LdSTzy5lJv7t/giphy.gif
https://giphy.com/gifs/w2RDjvyUDehq3Ef5Ai,587251,GIF,w2RDjvyUDehq3Ef5Ai,https://media.giphy.com/media/w2RDjvyUDehq3Ef5Ai/giphy.gif
https://giphy.com/stickers/lYNvonbK6dPGqCyKZ4,545052,STICKER,lYNvonbK6dPGqCyKZ4,https://media.giphy.com/media/lYNvonbK6dPGqCyKZ4/giphy.gif
https://giphy.com/gifs/odm87yMQJTqAiiHeES,544917,GIF,odm87yMQJTqAiiHeES,https://media.giphy.com/media/odm87yMQJTqAiiHeES/giphy.gif
https://giphy.com/gifs/DqBQrSN5kYyt9mVzDj,541224,GIF,DqBQrSN5kYyt9mVzDj,https://media.giphy.com/media/DqBQrSN5kYyt9mVzDj/giphy.gif
https://giphy.com/stickers/M0mcwoT8b30kBcreXa,530103,STICKER,M0mcwoT8b30kBcreXa,https://media.giphy.com/media/M0mcwoT8b30kBcreXa/giphy.gif
https://giphy.com/gifs/Fs9m2i4HBH9iP8sclp,422887,GIF,Fs9m2i4HBH9iP8sclp,https://media.giphy.com/media/Fs9m2i4HBH9iP8sclp/giphy.gif
https://giphy.com/gifs/AUgEbQ7y1ei4FLgIfH,414712,GIF,AUgEbQ7y1ei4FLgIfH,https://media.giphy.com/media/AUgEbQ7y1ei4FLgIfH/giphy.gif
https://giphy.com/gifs/1Fq1VdmcY1uEUlk8tz,391737,GIF,1Fq1VdmcY1uEUlk8tz,https://media.giphy.com/media/1Fq1VdmcY1uEUlk8tz/giphy.gif
https://giphy.com/gifs/8Fn2rmaWfr3y3Fy9pA,327330,GIF,8Fn2rmaWfr3y3Fy9pA,https://media.giphy.com/media/8Fn2rmaWfr3y3Fy9pA/giphy.gif
https://giphy.com/gifs/qYYT3CM7rwocwcfEWD,281101,GIF,qYYT3CM7rwocwcfEWD,https://media.giphy.com/media/qYYT3CM7rwocwcfEWD/giphy.gif
https://giphy.com/gifs/dU29iYMfnx5PP6eZ6Z,273293,GIF,dU29iYMfnx5PP6eZ6Z,https://media.giphy.com/media/dU29iYMfnx5PP6eZ6Z/giphy.gif
https://giphy.com/stickers/UDJO29iyTbOfaCbw1q,239407,STICKER,UDJO29iyTbOfaCbw1q,https://media.giphy.com/media/UDJO29iyTbOfaCbw1q/giphy.gif
https://giphy.com/gifs/xFRwMAHO4QRsIOeeTb,225578,GIF,xFRwMAHO4QRsIOeeTb,https://media.giphy.com/media/xFRwMAHO4QRsIOeeTb/giphy.gif
https://giphy.com/gifs/gxL7vUgmQzCwmzHHWs,223386,GIF,gxL7vUgmQzCwmzHHWs,https://media.giphy.com/media/gxL7vUgmQzCwmzHHWs/giphy.gif
https://giphy.com/stickers/i7Ta1uaocjowPgaICl,219357,STICKER,i7Ta1uaocjowPgaICl,https://media.giphy.com/media/i7Ta1uaocjowPgaICl/giphy.gif
https://giphy.com/gifs/5FMVTsWyna8fQS1je9,210322,GIF,5FMVTsWyna8fQS1je9,https://media.giphy.com/media/5FMVTsWyna8fQS1je9/giphy.gif
https://giphy.com/gifs/1oA7xLMTm2p82StHSq,210225,GIF,1oA7xLMTm2p82StHSq,https://media.giphy.com/media/1oA7xLMTm2p82StHSq/giphy.gif
https://giphy.com/gifs/Tjg331jPZvT1XPhYyd,194738,GIF,Tjg331jPZvT1XPhYyd,https://media.giphy.com/media/Tjg331jPZvT1XPhYyd/giphy.gif
https://giphy.com/gifs/7J5aig6xDPVsUI6YOF,179876,GIF,7J5aig6xDPVsUI6YOF,https://media.giphy.com/media/7J5aig6xDPVsUI6YOF/giphy.gif
https://giphy.com/gifs/N20g30jL4GExpOxzdq,175318,GIF,N20g30jL4GExpOxzdq,https://media.giphy.com/media/N20g30jL4GExpOxzdq/giphy.gif
https://giphy.com/gifs/WncDXC57dCsS5wDt9e,167083,GIF,WncDXC57dCsS5wDt9e,https://media.giphy.com/media/WncDXC57dCsS5wDt9e/giphy.gif
https://giphy.com/gifs/bVY9rVnSU9c0MPd1jf,158575,GIF,bVY9rVnSU9c0MPd1jf,https://media.giphy.com/media/bVY9rVnSU9c0MPd1jf/giphy.gif
https://giphy.com/gifs/eKyVy2WVLbN10Sr5Nc,140795,GIF,eKyVy2WVLbN10Sr5Nc,https://media.giphy.com/media/eKyVy2WVLbN10Sr5Nc/giphy.gif
https://giphy.com/gifs/7cfc7525rykDD51g2l,124741,GIF,7cfc7525rykDD51g2l,https://media.giphy.com/media/7cfc7525rykDD51g2l/giphy.gif
https://giphy.com/gifs/3WpakkY2yt5atyd1oB,124648,GIF,3WpakkY2yt5atyd1oB,https://media.giphy.com/media/3WpakkY2yt5atyd1oB/giphy.gif
https://giphy.com/gifs/i3I7L8TKRQjjImY6HZ,123251,GIF,i3I7L8TKRQjjImY6HZ,https://media.giphy.com/media/i3I7L8TKRQjjImY6HZ/giphy.gif
https://giphy.com/gifs/LrFYVLtuZJKCCMUgx4,120479,GIF,LrFYVLtuZJKCCMUgx4,https://media.giphy.com/media/LrFYVLtuZJKCCMUgx4/giphy.gif
https://giphy.com/gifs/Wz1wUJ2jM9wnYBFGDy,115604,GIF,Wz1wUJ2jM9wnYBFGDy,https://media.giphy.com/media/Wz1wUJ2jM9wnYBFGDy/giphy.gif
https://giphy.com/gifs/5GS13A3jXN9xSQF6HL,113175,GIF,5GS13A3jXN9xSQF6HL,https://media.giphy.com/media/5GS13A3jXN9xSQF6HL/giphy.gif
https://giphy.com/gifs/Y2YhzONOXK7MuDcz30,110319,GIF,Y2YhzONOXK7MuDcz30,https://media.giphy.com/media/Y2YhzONOXK7MuDcz30/giphy.gif
https://giphy.com/stickers/TWL9SLQTfZ881PBUCf,102953,STICKER,TWL9SLQTfZ881PBUCf,https://media.giphy.com/media/TWL9SLQTfZ881PBUCf/giphy.gif
https://giphy.com/gifs/pwRrLT2O1WUVjFxzuT,102875,GIF,pwRrLT2O1WUVjFxzuT,https://media.giphy.com/media/pwRrLT2O1WUVjFxzuT/giphy.gif
https://giphy.com/stickers/lt5ZEsiuUeUgY8XFrd,93811,STICKER,lt5ZEsiuUeUgY8XFrd,https://media.giphy.com/media/lt5ZEsiuUeUgY8XFrd/giphy.gif
https://giphy.com/gifs/31fNwcXr9rcwLVwGiS,92835,GIF,31fNwcXr9rcwLVwGiS,https://media.giphy.com/media/31fNwcXr9rcwLVwGiS/giphy.gif
https://giphy.com/gifs/K6noeYZnGRn9NbqSLW,87941,GIF,K6noeYZnGRn9NbqSLW,https://media.giphy.com/media/K6noeYZnGRn9NbqSLW/giphy.gif
https://giphy.com/stickers/CZ2YnoOWpUdGi44Yxr,84438,STICKER,CZ2YnoOWpUdGi44Yxr,https://media.giphy.com/media/CZ2YnoOWpUdGi44Yxr/giphy.gif
https://giphy.com/gifs/kHtXhJTWcPhLPk6OG7,83820,GIF,kHtXhJTWcPhLPk6OG7,https://media.giphy.com/media/kHtXhJTWcPhLPk6OG7/giphy.gif
https://giphy.com/gifs/KrVK2izEByrBSaaKtq,68479,GIF,KrVK2izEByrBSaaKtq,https://media.giphy.com/media/KrVK2izEByrBSaaKtq/giphy.gif
https://giphy.com/stickers/7fVA5g1AiWFZAIPZFM,68214,STICKER,7fVA5g1AiWFZAIPZFM,https://media.giphy.com/media/7fVA5g1AiWFZAIPZFM/giphy.gif
https://giphy.com/gifs/88tx0w5VaKMAdcXfUI,66838,GIF,88tx0w5VaKMAdcXfUI,https://media.giphy.com/media/88tx0w5VaKMAdcXfUI/giphy.gif
https://giphy.com/gifs/5HSBmHeINXujkqfVA3,64991,GIF,5HSBmHeINXujkqfVA3,https://media.giphy.com/media/5HSBmHeINXujkqfVA3/giphy.gif
https://giphy.com/gifs/OVPl8MJrNsiCvpjp3d,62813,GIF,OVPl8MJrNsiCvpjp3d,https://media.giphy.com/media/OVPl8MJrNsiCvpjp3d/giphy.gif
https://giphy.com/stickers/zYKd9aPAI1GgW3uaAG,61319,STICKER,zYKd9aPAI1GgW3uaAG,https://media.giphy.com/media/zYKd9aPAI1GgW3uaAG/giphy.gif
https://giphy.com/gifs/KKyKeTqi06XFlgwbVI,56852,GIF,KKyKeTqi06XFlgwbVI,https://media.giphy.com/media/KKyKeTqi06XFlgwbVI/giphy.gif
https://giphy.com/gifs/zq9g2X1d1uddMYrURt,55992,GIF,zq9g2X1d1uddMYrURt,https://media.giphy.com/media/zq9g2X1d1uddMYrURt/giphy.gif
https://giphy.com/gifs/8Ccu643aGcfTOaQStK,54606,GIF,8Ccu643aGcfTOaQStK,https://media.giphy.com/media/8Ccu643aGcfTOaQStK/giphy.gif
https://giphy.com/stickers/LTQAYA24AMemQioVqc,53146,STICKER,LTQAYA24AMemQioVqc,https://media.giphy.com/media/LTQAYA24AMemQioVqc/giphy.gif
https://giphy.com/gifs/MgW7CdHFTTUGQGcbJN,51047,GIF,MgW7CdHFTTUGQGcbJN,https://media.giphy.com/media/MgW7CdHFTTUGQGcbJN/giphy.gif
https://giphy.com/stickers/wYDKbeKPVfkIQKURCb,45363,STICKER,wYDKbeKPVfkIQKURCb,https://media.giphy.com/media/wYDKbeKPVfkIQKURCb/giphy.gif
https://giphy.com/gifs/6LYsh7K4N08b8F8k32,42004,GIF,6LYsh7K4N08b8F8k32,https://media.giphy.com/media/6LYsh7K4N08b8F8k32/giphy.gif
https://giphy.com/stickers/69IXObwFH221tvWgz1,40334,STICKER,69IXObwFH221tvWgz1,https://media.giphy.com/media/69IXObwFH221tvWgz1/giphy.gif
https://giphy.com/stickers/E6m58S5ykXkKFdrH6Y,34126,STICKER,E6m58S5ykXkKFdrH6Y,https://media.giphy.com/media/E6m58S5ykXkKFdrH6Y/giphy.gif
https://giphy.com/gifs/xEHllmCw2Tlk7t4yjm,32932,GIF,xEHllmCw2Tlk7t4yjm,https://media.giphy.com/media/xEHllmCw2Tlk7t4yjm/giphy.gif
https://giphy.com/gifs/NLvZWxflExYOZwrrcV,28289,GIF,NLvZWxflExYOZwrrcV,https://media.giphy.com/media/NLvZWxflExYOZwrrcV/giphy.gif
https://giphy.com/stickers/eVhCxbjxenTk8NMqoy,18437,STICKER,eVhCxbjxenTk8NMqoy,https://media.giphy.com/media/eVhCxbjxenTk8NMqoy/giphy.gif
https://giphy.com/stickers/zMnKRAg2bfqX2TvIHI,18290,STICKER,zMnKRAg2bfqX2TvIHI,https://media.giphy.com/media/zMnKRAg2bfqX2TvIHI/giphy.gif
https://giphy.com/stickers/AKVcENAoOIHVQo2Ntd,15034,STICKER,AKVcENAoOIHVQo2Ntd,https://media.giphy.com/media/AKVcENAoOIHVQo2Ntd/giphy.gif
https://giphy.com/stickers/gS6IzT3akEY3uu2fi6,14783,STICKER,gS6IzT3akEY3uu2fi6,https://media.giphy.com/media/gS6IzT3akEY3uu2fi6/giphy.gif
https://giphy.com/stickers/ekhwn70TkLMNT0Go6i,13592,STICKER,ekhwn70TkLMNT0Go6i,https://media.giphy.com/media/ekhwn70TkLMNT0Go6i/giphy.gif
https://giphy.com/stickers/dGowUyjQz3MfaGQa1Q,10698,STICKER,dGowUyjQz3MfaGQa1Q,https://media.giphy.com/media/dGowUyjQz3MfaGQa1Q/giphy.gif
https://giphy.com/stickers/ynaPirfrYKkuu7gnjk,10697,STICKER,ynaPirfrYKkuu7gnjk,https://media.giphy.com/media/ynaPirfrYKkuu7gnjk/giphy.gif
https://giphy.com/stickers/An1I65v7XYUaDvaOKN,8378,STICKER,An1I65v7XYUaDvaOKN,https://media.giphy.com/media/An1I65v7XYUaDvaOKN/giphy.gif
https://giphy.com/gifs/FIlPOAMLOyUNCbDGpY,7694,GIF,FIlPOAMLOyUNCbDGpY,https://media.giphy.com/media/FIlPOAMLOyUNCbDGpY/giphy.gif
https://giphy.com/stickers/ebVGLva54pETuPUxp2,7614,STICKER,ebVGLva54pETuPUxp2,https://media.giphy.com/media/ebVGLva54pETuPUxp2/giphy.gif
https://giphy.com/stickers/8zqKCI1JghF2sCeP6f,6888,STICKER,8zqKCI1JghF2sCeP6f,https://media.giphy.com/media/8zqKCI1JghF2sCeP6f/giphy.gif
https://giphy.com/stickers/sFtoZDSYkkcAo3qdX6,6869,STICKER,sFtoZDSYkkcAo3qdX6,https://media.giphy.com/media/sFtoZDSYkkcAo3qdX6/giphy.gif
https://giphy.com/stickers/bfCHJGY7D7nymNzpg7,6715,STICKER,bfCHJGY7D7nymNzpg7,https://media.giphy.com/media/bfCHJGY7D7nymNzpg7/giphy.gif
https://giphy.com/stickers/ls4pCLx2IBmYlOstJj,40602931,STICKER,ls4pCLx2IBmYlOstJj,https://media.giphy.com/media/ls4pCLx2IBmYlOstJj/giphy.gif
https://giphy.com/stickers/Xkz5Y6j3LEDlEI86KE,25454965,STICKER,Xkz5Y6j3LEDlEI86KE,https://media.giphy.com/media/Xkz5Y6j3LEDlEI86KE/giphy.gif
https://giphy.com/stickers/f6gl1bUjeL0TP5zvOr,22039430,STICKER,f6gl1bUjeL0TP5zvOr,https://media.giphy.com/media/f6gl1bUjeL0TP5zvOr/giphy.gif
https://giphy.com/stickers/OW6ocYRoiBDZr8ha4M,21677302,STICKER,OW6ocYRoiBDZr8ha4M,https://media.giphy.com/media/OW6ocYRoiBDZr8ha4M/giphy.gif
https://giphy.com/stickers/h20oYlGPn57xbMP1cp,18586076,STICKER,h20oYlGPn57xbMP1cp,https://media.giphy.com/media/h20oYlGPn57xbMP1cp/giphy.gif
https://giphy.com/stickers/fssyX2J7xzBiofuT1m,14744880,STICKER,fssyX2J7xzBiofuT1m,https://media.giphy.com/media/fssyX2J7xzBiofuT1m/giphy.gif
https://giphy.com/gifs/TjGrqzdPEZkC02v7Ti,9904570,GIF,TjGrqzdPEZkC02v7Ti,https://media.giphy.com/media/TjGrqzdPEZkC02v7Ti/giphy.gif
https://giphy.com/stickers/jVZ9lVng2BDB3A73Rg,8700455,STICKER,jVZ9lVng2BDB3A73Rg,https://media.giphy.com/media/jVZ9lVng2BDB3A73Rg/giphy.gif
https://giphy.com/stickers/BUAQYkx8IFdYQ175vl,7964766,STICKER,BUAQYkx8IFdYQ175vl,https://media.giphy.com/media/BUAQYkx8IFdYQ175vl/giphy.gif
https://giphy.com/stickers/jOPMbxTJm43G8IcTFr,7896872,STICKER,jOPMbxTJm43G8IcTFr,https://media.giphy.com/media/jOPMbxTJm43G8IcTFr/giphy.gif
https://giphy.com/stickers/ZCBUi75rRfGXRrcqob,6779784,STICKER,ZCBUi75rRfGXRrcqob,https://media.giphy.com/media/ZCBUi75rRfGXRrcqob/giphy.gif
https://giphy.com/gifs/WtUOUPQDNVScjkpvnr,5055889,GIF,WtUOUPQDNVScjkpvnr,https://media.giphy.com/media/WtUOUPQDNVScjkpvnr/giphy.gif
https://giphy.com/stickers/Wn6oPlkWlX8QKTroK7,4450797,STICKER,Wn6oPlkWlX8QKTroK7,https://media.giphy.com/media/Wn6oPlkWlX8QKTroK7/giphy.gif
https://giphy.com/stickers/fuEEjduwavDrklRe4k,4062695,STICKER,fuEEjduwavDrklRe4k,https://media.giphy.com/media/fuEEjduwavDrklRe4k/giphy.gif
https://giphy.com/stickers/McIiaW9th6ZztkP4L8,3752931,STICKER,McIiaW9th6ZztkP4L8,https://media.giphy.com/media/McIiaW9th6ZztkP4L8/giphy.gif
https://giphy.com/stickers/ZdNrjCfmZVZQTR8Xcu,3590627,STICKER,ZdNrjCfmZVZQTR8Xcu,https://media.giphy.com/media/ZdNrjCfmZVZQTR8Xcu/giphy.gif
https://giphy.com/stickers/IguY6RdC9RQGC2YGC4,3331639,STICKER,IguY6RdC9RQGC2YGC4,https://media.giphy.com/media/IguY6RdC9RQGC2YGC4/giphy.gif
https://giphy.com/stickers/kIQUn61iUZT0fxnlQf,2837116,STICKER,kIQUn61iUZT0fxnlQf,https://media.giphy.com/media/kIQUn61iUZT0fxnlQf/giphy.gif
https://giphy.com/gifs/9Vz90sTASLwHYvFpvR,2810351,GIF,9Vz90sTASLwHYvFpvR,https://media.giphy.com/media/9Vz90sTASLwHYvFpvR/giphy.gif
https://giphy.com/stickers/VgwSvOR7qaTlWOsF1Q,2809522,STICKER,VgwSvOR7qaTlWOsF1Q,https://media.giphy.com/media/VgwSvOR7qaTlWOsF1Q/giphy.gif
https://giphy.com/stickers/ApvbwqY23FjQYL9XbT,2801777,STICKER,ApvbwqY23FjQYL9XbT,https://media.giphy.com/media/ApvbwqY23FjQYL9XbT/giphy.gif
https://giphy.com/stickers/Xf29XAvEYfgy0emBxQ,2730869,STICKER,Xf29XAvEYfgy0emBxQ,https://media.giphy.com/media/Xf29XAvEYfgy0emBxQ/giphy.gif
https://giphy.com/stickers/Tgm747swhhgGDDoytl,2702689,STICKER,Tgm747swhhgGDDoytl,https://media.giphy.com/media/Tgm747swhhgGDDoytl/giphy.gif
https://giphy.com/stickers/L392Yr2i5GX9KsC5no,2644124,STICKER,L392Yr2i5GX9KsC5no,https://media.giphy.com/media/L392Yr2i5GX9KsC5no/giphy.gif
https://giphy.com/gifs/9V5lwUDyvR9r3OOMr8,2638181,GIF,9V5lwUDyvR9r3OOMr8,https://media.giphy.com/media/9V5lwUDyvR9r3OOMr8/giphy.gif
https://giphy.com/gifs/fokCTDFpvTSUaXI9IF,2603440,GIF,fokCTDFpvTSUaXI9IF,https://media.giphy.com/media/fokCTDFpvTSUaXI9IF/giphy.gif
https://giphy.com/stickers/dYlew0wNWFslDUIE6Z,2597662,STICKER,dYlew0wNWFslDUIE6Z,https://media.giphy.com/media/dYlew0wNWFslDUIE6Z/giphy.gif
https://giphy.com/stickers/nbEae2QNIQk7oSut2M,2559594,STICKER,nbEae2QNIQk7oSut2M,https://media.giphy.com/media/nbEae2QNIQk7oSut2M/giphy.gif
https://giphy.com/stickers/SwxkH3fGqf5XmHwfxu,2378462,STICKER,SwxkH3fGqf5XmHwfxu,https://media.giphy.com/media/SwxkH3fGqf5XmHwfxu/giphy.gif
https://giphy.com/stickers/eIrpa7XfNlDmMDNqVP,2291529,STICKER,eIrpa7XfNlDmMDNqVP,https://media.giphy.com/media/eIrpa7XfNlDmMDNqVP/giphy.gif
https://giphy.com/stickers/hp2sbbMqjelqqtIupy,2273733,STICKER,hp2sbbMqjelqqtIupy,https://media.giphy.com/media/hp2sbbMqjelqqtIupy/giphy.gif
https://giphy.com/stickers/id4slXUj7kMc4zE7gu,2191232,STICKER,id4slXUj7kMc4zE7gu,https://media.giphy.com/media/id4slXUj7kMc4zE7gu/giphy.gif
https://giphy.com/stickers/m9p4tYnLuvIzcUVWpN,2028911,STICKER,m9p4tYnLuvIzcUVWpN,https://media.giphy.com/media/m9p4tYnLuvIzcUVWpN/giphy.gif
https://giphy.com/stickers/VzqAXwNvy9Ql4FuicZ,1969195,STICKER,VzqAXwNvy9Ql4FuicZ,https://media.giphy.com/media/VzqAXwNvy9Ql4FuicZ/giphy.gif
https://giphy.com/stickers/mBdItK4ZwifwDgRrj3,1820102,STICKER,mBdItK4ZwifwDgRrj3,https://media.giphy.com/media/mBdItK4ZwifwDgRrj3/giphy.gif
https://giphy.com/stickers/h7crvv7iuaLfdG0oW4,1628618,STICKER,h7crvv7iuaLfdG0oW4,https://media.giphy.com/media/h7crvv7iuaLfdG0oW4/giphy.gif
https://giphy.com/gifs/horvE36d5rWIu42dBq,1627504,GIF,horvE36d5rWIu42dBq,https://media.giphy.com/media/horvE36d5rWIu42dBq/giphy.gif
https://giphy.com/stickers/jpR4h7PIo3tX5V96Ec,1611221,STICKER,jpR4h7PIo3tX5V96Ec,https://media.giphy.com/media/jpR4h7PIo3tX5V96Ec/giphy.gif
https://giphy.com/gifs/eW6ENqbzKTvfdAyXBR,1442430,GIF,eW6ENqbzKTvfdAyXBR,https://media.giphy.com/media/eW6ENqbzKTvfdAyXBR/giphy.gif
https://giphy.com/gifs/dUHrKt2Nsg9P83Ka6f,1277688,GIF,dUHrKt2Nsg9P83Ka6f,https://media.giphy.com/media/dUHrKt2Nsg9P83Ka6f/giphy.gif
https://giphy.com/gifs/W0Wbe1ufF3W3rAYrfT,1270669,GIF,W0Wbe1ufF3W3rAYrfT,https://media.giphy.com/media/W0Wbe1ufF3W3rAYrfT/giphy.gif
https://giphy.com/gifs/jTrS8QmzJBzuywSkuK,1173572,GIF,jTrS8QmzJBzuywSkuK,https://media.giphy.com/media/jTrS8QmzJBzuywSkuK/giphy.gif
https://giphy.com/stickers/QBkG9QMqgbNZAuRr1e,1084329,STICKER,QBkG9QMqgbNZAuRr1e,https://media.giphy.com/media/QBkG9QMqgbNZAuRr1e/giphy.gif
https://giphy.com/gifs/Xfy6KneRVwuNes1YeQ,1065882,GIF,Xfy6KneRVwuNes1YeQ,https://media.giphy.com/media/Xfy6KneRVwuNes1YeQ/giphy.gif
https://giphy.com/gifs/GRQMFlDfxzIj7ldAdV,1007883,GIF,GRQMFlDfxzIj7ldAdV,https://media.giphy.com/media/GRQMFlDfxzIj7ldAdV/giphy.gif
https://giphy.com/stickers/2ry8RF1ejrMoPtI1DW,924483,STICKER,2ry8RF1ejrMoPtI1DW,https://media.giphy.com/media/2ry8RF1ejrMoPtI1DW/giphy.gif
https://giphy.com/stickers/LqJ4nm43VmIVpZqJkF,904969,STICKER,LqJ4nm43VmIVpZqJkF,https://media.giphy.com/media/LqJ4nm43VmIVpZqJkF/giphy.gif
https://giphy.com/stickers/MZ37fXAYlrudeFrJ8a,887615,STICKER,MZ37fXAYlrudeFrJ8a,https://media.giphy.com/media/MZ37fXAYlrudeFrJ8a/giphy.gif
https://giphy.com/stickers/ME4ce49MiBfUEfgkla,883902,STICKER,ME4ce49MiBfUEfgkla,https://media.giphy.com/media/ME4ce49MiBfUEfgkla/giphy.gif
https://giphy.com/gifs/HZUVHzGo4hyxkIMXyI,881184,GIF,HZUVHzGo4hyxkIMXyI,https://media.giphy.com/media/HZUVHzGo4hyxkIMXyI/giphy.gif
https://giphy.com/gifs/JoDQSE8d1tB2tsPAAg,859645,GIF,JoDQSE8d1tB2tsPAAg,https://media.giphy.com/media/JoDQSE8d1tB2tsPAAg/giphy.gif
https://giphy.com/stickers/vALeMOGcnyHoF8SK3v,798546,STICKER,vALeMOGcnyHoF8SK3v,https://media.giphy.com/media/vALeMOGcnyHoF8SK3v/giphy.gif
https://giphy.com/stickers/j5Eb6hnEyiVQucnAQ0,783024,STICKER,j5Eb6hnEyiVQucnAQ0,https://media.giphy.com/media/j5Eb6hnEyiVQucnAQ0/giphy.gif
https://giphy.com/stickers/d83Nzo74dDpkK71ThJ,769767,STICKER,d83Nzo74dDpkK71ThJ,https://media.giphy.com/media/d83Nzo74dDpkK71ThJ/giphy.gif
https://giphy.com/gifs/THZGxPHo0c4XaUPxkX,690168,GIF,THZGxPHo0c4XaUPxkX,https://media.giphy.com/media/THZGxPHo0c4XaUPxkX/giphy.gif
https://giphy.com/gifs/UoqeMIka2uRh2RW4Rj,686755,GIF,UoqeMIka2uRh2RW4Rj,https://media.giphy.com/media/UoqeMIka2uRh2RW4Rj/giphy.gif
https://giphy.com/gifs/chQmHcVqJUeieSOMuO,503759,GIF,chQmHcVqJUeieSOMuO,https://media.giphy.com/media/chQmHcVqJUeieSOMuO/giphy.gif
https://giphy.com/stickers/QBAYybS8idsV8MXQJH,483760,STICKER,QBAYybS8idsV8MXQJH,https://media.giphy.com/media/QBAYybS8idsV8MXQJH/giphy.gif
https://giphy.com/gifs/0sOD7w2EHXMH8h2106,430360,GIF,0sOD7w2EHXMH8h2106,https://media.giphy.com/media/0sOD7w2EHXMH8h2106/giphy.gif
https://giphy.com/stickers/fwokPH6kw74W9wrMkZ,419087,STICKER,fwokPH6kw74W9wrMkZ,https://media.giphy.com/media/fwokPH6kw74W9wrMkZ/giphy.gif
https://giphy.com/stickers/IcuxDwZ9kXRDAlJzai,411227,STICKER,IcuxDwZ9kXRDAlJzai,https://media.giphy.com/media/IcuxDwZ9kXRDAlJzai/giphy.gif
https://giphy.com/gifs/fY5kdRuTCbdCobPS8v,387073,GIF,fY5kdRuTCbdCobPS8v,https://media.giphy.com/media/fY5kdRuTCbdCobPS8v/giphy.gif
https://giphy.com/gifs/W6i8mehptvi4YLPMrE,383140,GIF,W6i8mehptvi4YLPMrE,https://media.giphy.com/media/W6i8mehptvi4YLPMrE/giphy.gif
https://giphy.com/stickers/GUFEk4OgVLGRP0r8JG,358232,STICKER,GUFEk4OgVLGRP0r8JG,https://media.giphy.com/media/GUFEk4OgVLGRP0r8JG/giphy.gif
https://giphy.com/gifs/iFaTCQOnlAMw0jrCkI,317854,GIF,iFaTCQOnlAMw0jrCkI,https://media.giphy.com/media/iFaTCQOnlAMw0jrCkI/giphy.gif
https://giphy.com/gifs/fA2ZKxC3h6TfJHdAWV,306193,GIF,fA2ZKxC3h6TfJHdAWV,https://media.giphy.com/media/fA2ZKxC3h6TfJHdAWV/giphy.gif
https://giphy.com/gifs/ZwyBX17p92Q5tfyzv3,277030,GIF,ZwyBX17p92Q5tfyzv3,https://media.giphy.com/media/ZwyBX17p92Q5tfyzv3/giphy.gif
https://giphy.com/gifs/4bsQtf9seGTwbvNYVu,260948,GIF,4bsQtf9seGTwbvNYVu,https://media.giphy.com/media/4bsQtf9seGTwbvNYVu/giphy.gif
https://giphy.com/gifs/dUCddXLuGmwqzJxHiL,259535,GIF,dUCddXLuGmwqzJxHiL,https://media.giphy.com/media/dUCddXLuGmwqzJxHiL/giphy.gif
https://giphy.com/gifs/25eelBCGcGbfzQgNaq,253325,GIF,25eelBCGcGbfzQgNaq,https://media.giphy.com/media/25eelBCGcGbfzQgNaq/giphy.gif
https://giphy.com/gifs/ggiJfNAzXfNeuIp9eG,248571,GIF,ggiJfNAzXfNeuIp9eG,https://media.giphy.com/media/ggiJfNAzXfNeuIp9eG/giphy.gif
https://giphy.com/gifs/4ZBp91WkHZf8oQM5Yp,215013,GIF,4ZBp91WkHZf8oQM5Yp,https://media.giphy.com/media/4ZBp91WkHZf8oQM5Yp/giphy.gif
https://giphy.com/gifs/XsFb55wKQt0criSX1a,204303,GIF,XsFb55wKQt0criSX1a,https://media.giphy.com/media/XsFb55wKQt0criSX1a/giphy.gif
https://giphy.com/stickers/VhK0z0NHS3XwslBylk,197163,STICKER,VhK0z0NHS3XwslBylk,https://media.giphy.com/media/VhK0z0NHS3XwslBylk/giphy.gif
https://giphy.com/stickers/ZnvvVpTQCoUwQuoK3c,191684,STICKER,ZnvvVpTQCoUwQuoK3c,https://media.giphy.com/media/ZnvvVpTQCoUwQuoK3c/giphy.gif
https://giphy.com/gifs/Xb75oXIomxNsoAm6XO,185329,GIF,Xb75oXIomxNsoAm6XO,https://media.giphy.com/media/Xb75oXIomxNsoAm6XO/giphy.gif
https://giphy.com/gifs/ndEpcgKyTD4svrLJrK,180071,GIF,ndEpcgKyTD4svrLJrK,https://media.giphy.com/media/ndEpcgKyTD4svrLJrK/giphy.gif
https://giphy.com/gifs/XHj2i4oDZT0KXuBFv9,176477,GIF,XHj2i4oDZT0KXuBFv9,https://media.giphy.com/media/XHj2i4oDZT0KXuBFv9/giphy.gif
https://giphy.com/stickers/L3WgWsx1YqonQgPBAQ,140791,STICKER,L3WgWsx1YqonQgPBAQ,https://media.giphy.com/media/L3WgWsx1YqonQgPBAQ/giphy.gif
https://giphy.com/gifs/dayLBQ1XKqysg2pUMq,127843,GIF,dayLBQ1XKqysg2pUMq,https://media.giphy.com/media/dayLBQ1XKqysg2pUMq/giphy.gif
https://giphy.com/gifs/uJch4NgsLKCt1b7FCe,122304,GIF,uJch4NgsLKCt1b7FCe,https://media.giphy.com/media/uJch4NgsLKCt1b7FCe/giphy.gif
https://giphy.com/gifs/Ul3UogJsUoCwgOYBnB,122131,GIF,Ul3UogJsUoCwgOYBnB,https://media.giphy.com/media/Ul3UogJsUoCwgOYBnB/giphy.gif
https://giphy.com/gifs/ZFLBqcPRMAE5AcfKWA,111813,GIF,ZFLBqcPRMAE5AcfKWA,https://media.giphy.com/media/ZFLBqcPRMAE5AcfKWA/giphy.gif
https://giphy.com/gifs/huhaGHPeIy9bcHzLo0,110058,GIF,huhaGHPeIy9bcHzLo0,https://media.giphy.com/media/huhaGHPeIy9bcHzLo0/giphy.gif
https://giphy.com/gifs/iI4KjNuAR3ShpqOh6v,101668,GIF,iI4KjNuAR3ShpqOh6v,https://media.giphy.com/media/iI4KjNuAR3ShpqOh6v/giphy.gif
https://giphy.com/gifs/XEmrod9JZyrJIYgxj2,96244,GIF,XEmrod9JZyrJIYgxj2,https://media.giphy.com/media/XEmrod9JZyrJIYgxj2/giphy.gif
https://giphy.com/gifs/JQ42usxxzyyzIRT6C3,89148,GIF,JQ42usxxzyyzIRT6C3,https://media.giphy.com/media/JQ42usxxzyyzIRT6C3/giphy.gif
https://giphy.com/gifs/aF1IRb72jlaly7KEJC,78465,GIF,aF1IRb72jlaly7KEJC,https://media.giphy.com/media/aF1IRb72jlaly7KEJC/giphy.gif
https://giphy.com/gifs/Kp7lvwl2LzC3KcNXWT,78271,GIF,Kp7lvwl2LzC3KcNXWT,https://media.giphy.com/media/Kp7lvwl2LzC3KcNXWT/giphy.gif
https://giphy.com/stickers/MCF66OfqVOgML2H6id,71084,STICKER,MCF66OfqVOgML2H6id,https://media.giphy.com/media/MCF66OfqVOgML2H6id/giphy.gif
https://giphy.com/gifs/2dQI1ZD0WkzTXncJMY,65922,GIF,2dQI1ZD0WkzTXncJMY,https://media.giphy.com/media/2dQI1ZD0WkzTXncJMY/giphy.gif
https://giphy.com/gifs/JoD0Tl16uG9Se6FDaO,65644,GIF,JoD0Tl16uG9Se6FDaO,https://media.giphy.com/media/JoD0Tl16uG9Se6FDaO/giphy.gif
https://giphy.com/gifs/RozXxxxL5nuTRVP3ha,56319,GIF,RozXxxxL5nuTRVP3ha,https://media.giphy.com/media/RozXxxxL5nuTRVP3ha/giphy.gif
https://giphy.com/gifs/Vdnnygdrzyu0s7bzn2,54868,GIF,Vdnnygdrzyu0s7bzn2,https://media.giphy.com/media/Vdnnygdrzyu0s7bzn2/giphy.gif
https://giphy.com/gifs/qxVuWCiySDtIcOmpyV,49034,GIF,qxVuWCiySDtIcOmpyV,https://media.giphy.com/media/qxVuWCiySDtIcOmpyV/giphy.gif
https://giphy.com/gifs/rg6jyRhWuFfevjiRPq,35292,GIF,rg6jyRhWuFfevjiRPq,https://media.giphy.com/media/rg6jyRhWuFfevjiRPq/giphy.gif
https://giphy.com/stickers/kHqy889U2LID1qclgJ,26652,STICKER,kHqy889U2LID1qclgJ,https://media.giphy.com/media/kHqy889U2LID1qclgJ/giphy.gif
https://giphy.com/gifs/Ke33rMGHQ0c2tb8xzG,19647,GIF,Ke33rMGHQ0c2tb8xzG,https://media.giphy.com/media/Ke33rMGHQ0c2tb8xzG/giphy.gif
https://giphy.com/gifs/kHOCs9VUqFoKbeB72j,14250,GIF,kHOCs9VUqFoKbeB72j,https://media.giphy.com/media/kHOCs9VUqFoKbeB72j/giphy.gif
https://giphy.com/gifs/J5YYPhKozjT1H6l0i2,6434,GIF,J5YYPhKozjT1H6l0i2,https://media.giphy.com/media/J5YYPhKozjT1H6l0i2/giphy.gif
https://giphy.com/stickers/3h4EV2XB7OTlAJ4h1u,69794493,STICKER,3h4EV2XB7OTlAJ4h1u,https://media.giphy.com/media/3h4EV2XB7OTlAJ4h1u/giphy.gif
https://giphy.com/stickers/dIH072h7pSXwFRn5vy,51396882,STICKER,dIH072h7pSXwFRn5vy,https://media.giphy.com/media/dIH072h7pSXwFRn5vy/giphy.gif
https://giphy.com/stickers/kh7j9K6HYunTq6PszA,37378040,STICKER,kh7j9K6HYunTq6PszA,https://media.giphy.com/media/kh7j9K6HYunTq6PszA/giphy.gif
https://giphy.com/stickers/xAFy0C8wTFPphnEALQ,31573144,STICKER,xAFy0C8wTFPphnEALQ,https://media.giphy.com/media/xAFy0C8wTFPphnEALQ/giphy.gif
https://giphy.com/stickers/5SAPhqKz5iJN99Kay0,17182310,STICKER,5SAPhqKz5iJN99Kay0,https://media.giphy.com/media/5SAPhqKz5iJN99Kay0/giphy.gif
https://giphy.com/stickers/bT9HaTii9Ko8bg5Qev,15085899,STICKER,bT9HaTii9Ko8bg5Qev,https://media.giphy.com/media/bT9HaTii9Ko8bg5Qev/giphy.gif
https://giphy.com/gifs/6036p0cTnjUrNFpAlr,12054005,GIF,6036p0cTnjUrNFpAlr,https://media.giphy.com/media/6036p0cTnjUrNFpAlr/giphy.gif
https://giphy.com/gifs/1r94ua5XMKbADDLOWz,10118279,GIF,1r94ua5XMKbADDLOWz,https://media.giphy.com/media/1r94ua5XMKbADDLOWz/giphy.gif
https://giphy.com/stickers/xjad5xZuDdyqxz3xLi,8956839,STICKER,xjad5xZuDdyqxz3xLi,https://media.giphy.com/media/xjad5xZuDdyqxz3xLi/giphy.gif
https://giphy.com/stickers/foaUDHXoH4oSmdiqyu,7707574,STICKER,foaUDHXoH4oSmdiqyu,https://media.giphy.com/media/foaUDHXoH4oSmdiqyu/giphy.gif
https://giphy.com/stickers/tIwnxciMU7Si2ZNQdD,6661806,STICKER,tIwnxciMU7Si2ZNQdD,https://media.giphy.com/media/tIwnxciMU7Si2ZNQdD/giphy.gif
https://giphy.com/stickers/tJAPgmvtwv5c3GaRqY,6487587,STICKER,tJAPgmvtwv5c3GaRqY,https://media.giphy.com/media/tJAPgmvtwv5c3GaRqY/giphy.gif
https://giphy.com/stickers/bbF5FF9ckcOU2Jl0pK,5168409,STICKER,bbF5FF9ckcOU2Jl0pK,https://media.giphy.com/media/bbF5FF9ckcOU2Jl0pK/giphy.gif
https://giphy.com/stickers/58FN7JtGgM3jpdYxXY,4980639,STICKER,58FN7JtGgM3jpdYxXY,https://media.giphy.com/media/58FN7JtGgM3jpdYxXY/giphy.gif
https://giphy.com/stickers/3MiPR9CabfAvI5bQve,4781484,STICKER,3MiPR9CabfAvI5bQve,https://media.giphy.com/media/3MiPR9CabfAvI5bQve/giphy.gif
https://giphy.com/stickers/BWJi7t4UkraDCfyIPB,4673048,STICKER,BWJi7t4UkraDCfyIPB,https://media.giphy.com/media/BWJi7t4UkraDCfyIPB/giphy.gif
https://giphy.com/gifs/1g2dpzDcs44vYsC0iR,4416922,GIF,1g2dpzDcs44vYsC0iR,https://media.giphy.com/media/1g2dpzDcs44vYsC0iR/giphy.gif
https://giphy.com/stickers/2digoCocD0n5h0UGWb,4203927,STICKER,2digoCocD0n5h0UGWb,https://media.giphy.com/media/2digoCocD0n5h0UGWb/giphy.gif
https://giphy.com/stickers/c7wc39pN6iHpLvk49h,4081226,STICKER,c7wc39pN6iHpLvk49h,https://media.giphy.com/media/c7wc39pN6iHpLvk49h/giphy.gif
https://giphy.com/stickers/28ex2k54DZaE1cwknN,3992977,STICKER,28ex2k54DZaE1cwknN,https://media.giphy.com/media/28ex2k54DZaE1cwknN/giphy.gif
https://giphy.com/stickers/1etp6JahfFT5NSqXS9,3723079,STICKER,1etp6JahfFT5NSqXS9,https://media.giphy.com/media/1etp6JahfFT5NSqXS9/giphy.gif
https://giphy.com/stickers/1xnymFlpmDOSh2dc5C,3402845,STICKER,1xnymFlpmDOSh2dc5C,https://media.giphy.com/media/1xnymFlpmDOSh2dc5C/giphy.gif
https://giphy.com/stickers/i4xCkRtazzEei3OfmA,3322441,STICKER,i4xCkRtazzEei3OfmA,https://media.giphy.com/media/i4xCkRtazzEei3OfmA/giphy.gif
https://giphy.com/gifs/pOFVLmbP3KVOBgpy7a,2846013,GIF,pOFVLmbP3KVOBgpy7a,https://media.giphy.com/media/pOFVLmbP3KVOBgpy7a/giphy.gif
https://giphy.com/stickers/1n5gGp6qwh367Zy5Kb,2300741,STICKER,1n5gGp6qwh367Zy5Kb,https://media.giphy.com/media/1n5gGp6qwh367Zy5Kb/giphy.gif
https://giphy.com/stickers/1fiEH9HeLdGLzCQFYv,1763249,STICKER,1fiEH9HeLdGLzCQFYv,https://media.giphy.com/media/1fiEH9HeLdGLzCQFYv/giphy.gif
https://giphy.com/stickers/enrNdxbn4TCS6Fs5m8,1698857,STICKER,enrNdxbn4TCS6Fs5m8,https://media.giphy.com/media/enrNdxbn4TCS6Fs5m8/giphy.gif
https://giphy.com/gifs/12UQxJRiNOJgF8lxgV,1362126,GIF,12UQxJRiNOJgF8lxgV,https://media.giphy.com/media/12UQxJRiNOJgF8lxgV/giphy.gif
https://giphy.com/stickers/pHZdKA0IbBgSXO8CwS,1140984,STICKER,pHZdKA0IbBgSXO8CwS,https://media.giphy.com/media/pHZdKA0IbBgSXO8CwS/giphy.gif
https://giphy.com/gifs/1swwtRjWVX9i1C0Mis,1113345,GIF,1swwtRjWVX9i1C0Mis,https://media.giphy.com/media/1swwtRjWVX9i1C0Mis/giphy.gif
https://giphy.com/stickers/1n5DDCvX2RO5nwJ6Xr,1067007,STICKER,1n5DDCvX2RO5nwJ6Xr,https://media.giphy.com/media/1n5DDCvX2RO5nwJ6Xr/giphy.gif
https://giphy.com/gifs/8vR3JJe0QxZnri20MR,1042660,GIF,8vR3JJe0QxZnri20MR,https://media.giphy.com/media/8vR3JJe0QxZnri20MR/giphy.gif
https://giphy.com/stickers/8L19Dm4XJbGkjB7h7O,652379,STICKER,8L19Dm4XJbGkjB7h7O,https://media.giphy.com/media/8L19Dm4XJbGkjB7h7O/giphy.gif
https://giphy.com/gifs/X8ce52saInogPUShx8,416765,GIF,X8ce52saInogPUShx8,https://media.giphy.com/media/X8ce52saInogPUShx8/giphy.gif
https://giphy.com/gifs/1poTxgHF2DasffRSI4,401260,GIF,1poTxgHF2DasffRSI4,https://media.giphy.com/media/1poTxgHF2DasffRSI4/giphy.gif
https://giphy.com/gifs/cIMiMwF64twUrLNmcS,388833,GIF,cIMiMwF64twUrLNmcS,https://media.giphy.com/media/cIMiMwF64twUrLNmcS/giphy.gif
https://giphy.com/gifs/U8o7XZOOVc1sFmdC8p,350406,GIF,U8o7XZOOVc1sFmdC8p,https://media.giphy.com/media/U8o7XZOOVc1sFmdC8p/giphy.gif
https://giphy.com/stickers/vRL5AG4T184Dme2Acf,333308,STICKER,vRL5AG4T184Dme2Acf,https://media.giphy.com/media/vRL5AG4T184Dme2Acf/giphy.gif
https://giphy.com/stickers/1dHVxPYElKjB2Y7utK,282432,STICKER,1dHVxPYElKjB2Y7utK,https://media.giphy.com/media/1dHVxPYElKjB2Y7utK/giphy.gif
https://giphy.com/gifs/FPjKwlEfdB069OkjdV,268984,GIF,FPjKwlEfdB069OkjdV,https://media.giphy.com/media/FPjKwlEfdB069OkjdV/giphy.gif
https://giphy.com/gifs/2UCBwKm8MMHBBTLn8n,268256,GIF,2UCBwKm8MMHBBTLn8n,https://media.giphy.com/media/2UCBwKm8MMHBBTLn8n/giphy.gif
https://giphy.com/gifs/cIQNVtHoRnW16BA6aF,264789,GIF,cIQNVtHoRnW16BA6aF,https://media.giphy.com/media/cIQNVtHoRnW16BA6aF/giphy.gif
https://giphy.com/gifs/xKPkcTBH3WCyjkShzL,240493,GIF,xKPkcTBH3WCyjkShzL,https://media.giphy.com/media/xKPkcTBH3WCyjkShzL/giphy.gif
https://giphy.com/gifs/cORtmkxc4ezqZpMHfr,188615,GIF,cORtmkxc4ezqZpMHfr,https://media.giphy.com/media/cORtmkxc4ezqZpMHfr/giphy.gif
https://giphy.com/stickers/1Bh2cOEn6bC61KU6MS,180651,STICKER,1Bh2cOEn6bC61KU6MS,https://media.giphy.com/media/1Bh2cOEn6bC61KU6MS/giphy.gif
https://giphy.com/gifs/4NnYT6heVXTla4gZjB,162605,GIF,4NnYT6heVXTla4gZjB,https://media.giphy.com/media/4NnYT6heVXTla4gZjB/giphy.gif
https://giphy.com/gifs/1lyNL8egITj0X0I9S3,119538,GIF,1lyNL8egITj0X0I9S3,https://media.giphy.com/media/1lyNL8egITj0X0I9S3/giphy.gif
https://giphy.com/gifs/9A3trwEpO2aM56jdXz,96449,GIF,9A3trwEpO2aM56jdXz,https://media.giphy.com/media/9A3trwEpO2aM56jdXz/giphy.gif
https://giphy.com/gifs/4EFsYcri41QMH4ItTL,60755,GIF,4EFsYcri41QMH4ItTL,https://media.giphy.com/media/4EFsYcri41QMH4ItTL/giphy.gif
https://giphy.com/gifs/ONJ8zhPDA4twCVatCe,48153,GIF,ONJ8zhPDA4twCVatCe,https://media.giphy.com/media/ONJ8zhPDA4twCVatCe/giphy.gif
https://giphy.com/gifs/5PhK9eFGg6ptoGC00w,36522,GIF,5PhK9eFGg6ptoGC00w,https://media.giphy.com/media/5PhK9eFGg6ptoGC00w/giphy.gif
https://giphy.com/gifs/9zXIy23i9TvMsWct7R,33958,GIF,9zXIy23i9TvMsWct7R,https://media.giphy.com/media/9zXIy23i9TvMsWct7R/giphy.gif
https://giphy.com/gifs/BHIRRW7SoJOB7gKTJn,21341,GIF,BHIRRW7SoJOB7gKTJn,https://media.giphy.com/media/BHIRRW7SoJOB7gKTJn/giphy.gif
https://giphy.com/gifs/2WHcSWsjC5nr2CG05j,20166,GIF,2WHcSWsjC5nr2CG05j,https://media.giphy.com/media/2WHcSWsjC5nr2CG05j/giphy.gif
